;COMPETEN;MUNICIPIO;CODUFMUN;QT_SUS;QT_EXIST;ANO
0;2020-03-01;Catalão;520510;0;12;2020
1;2020-03-01;Goiânia;520870;0;70;2020
2;2020-03-01;Porangatu;521800;0;24;2020
3;2020-04-01;Anápolis;520110;0;15;2020
4;2020-04-01;Aparecida de Goiânia;520140;30;58;2020
5;2020-04-01;Catalão;520510;12;12;2020
6;2020-04-01;Goiânia;520870;52;140;2020
7;2020-04-01;Jataí;521190;10;10;2020
8;2020-04-01;Planaltina;521760;0;10;2020
9;2020-04-01;Porangatu;521800;0;24;2020
10;2020-04-01;Rio Verde;521880;0;20;2020
11;2020-05-01;Águas Lindas de Goiás;520025;0;10;2020
12;2020-05-01;Trindade;522140;0;6;2020
13;2020-05-01;Porangatu;521800;15;24;2020
14;2020-05-01;Planaltina;521760;0;10;2020
15;2020-05-01;Jataí;521190;10;10;2020
16;2020-05-01;Catalão;520510;12;31;2020
17;2020-05-01;Goiás;520890;0;5;2020
18;2020-05-01;Aparecida de Goiânia;520140;30;58;2020
19;2020-05-01;Anápolis;520110;0;15;2020
20;2020-05-01;Goiânia;520870;72;140;2020
21;2020-06-01;Porangatu;521800;15;24;2020
22;2020-06-01;Águas Lindas de Goiás;520025;0;10;2020
23;2020-06-01;Trindade;522140;0;6;2020
24;2020-06-01;Senador Canedo;522045;0;1;2020
25;2020-06-01;Rio Verde;521880;0;20;2020
26;2020-06-01;Jataí;521190;10;10;2020
27;2020-06-01;Aparecida de Goiânia;520140;30;58;2020
28;2020-06-01;Goiânia;520870;72;261;2020
29;2020-06-01;Goiás;520890;0;5;2020
30;2020-06-01;Catalão;520510;12;31;2020
31;2020-06-01;Anápolis;520110;0;15;2020
32;2020-06-01;Itumbiara;521150;0;19;2020
33;2020-07-01;Jataí;521190;10;10;2020
34;2020-07-01;Luziânia;521250;10;10;2020
35;2020-07-01;Piracanjuba;521710;0;6;2020
36;2020-07-01;Porangatu;521800;15;29;2020
37;2020-07-01;Rio Verde;521880;0;20;2020
38;2020-07-01;São João d'Aliança;522000;0;4;2020
39;2020-07-01;São Luís de Montes Belos;522010;11;11;2020
40;2020-07-01;Trindade;522140;6;6;2020
41;2020-07-01;Águas Lindas de Goiás;520025;0;32;2020
42;2020-07-01;Itumbiara;521150;0;29;2020
43;2020-07-01;Senador Canedo;522045;0;1;2020
44;2020-07-01;Inhumas;521000;0;2;2020
45;2020-07-01;Aparecida de Goiânia;520140;40;68;2020
46;2020-07-01;Goiás;520890;0;5;2020
47;2020-07-01;Formosa;520800;10;10;2020
48;2020-07-01;Chapadão do Céu;520547;0;5;2020
49;2020-07-01;Ceres;520540;0;10;2020
50;2020-07-01;Cavalcante;520530;0;3;2020
51;2020-07-01;Catalão;520510;12;39;2020
52;2020-07-01;Campos Belos;520490;0;3;2020
53;2020-07-01;Caldas Novas;520450;0;28;2020
54;2020-07-01;Cachoeira Alta;520410;0;5;2020
55;2020-07-01;Anápolis;520110;15;33;2020
56;2020-07-01;Goiânia;520870;98;296;2020
57;2020-08-01;Jataí;521190;0;10;2020
58;2020-08-01;Luziânia;521250;10;10;2020
59;2020-08-01;Paranaiguara;521630;0;1;2020
60;2020-08-01;Piracanjuba;521710;0;6;2020
61;2020-08-01;Porangatu;521800;15;29;2020
62;2020-08-01;Águas Lindas de Goiás;520025;0;40;2020
63;2020-08-01;Senador Canedo;522045;0;1;2020
64;2020-08-01;São João d'Aliança;522000;0;4;2020
65;2020-08-01;São Luís de Montes Belos;522010;11;11;2020
66;2020-08-01;Trindade;522140;6;8;2020
67;2020-08-01;Itumbiara;521150;0;29;2020
68;2020-08-01;Rio Verde;521880;20;40;2020
69;2020-08-01;Itaberaí;521040;0;3;2020
70;2020-08-01;Ceres;520540;0;10;2020
71;2020-08-01;Goiânia;520870;121;331;2020
72;2020-08-01;Anápolis;520110;15;33;2020
73;2020-08-01;Aparecida de Goiânia;520140;40;68;2020
74;2020-08-01;Cachoeira Alta;520410;0;5;2020
75;2020-08-01;Caldas Novas;520450;0;28;2020
76;2020-08-01;Campos Belos;520490;0;3;2020
77;2020-08-01;Catalão;520510;12;39;2020
78;2020-08-01;Inhumas;521000;0;2;2020
79;2020-08-01;Chapadão do Céu;520547;0;5;2020
80;2020-08-01;Formosa;520800;10;10;2020
81;2020-08-01;Goiatuba;520910;0;4;2020
82;2020-08-01;Goiás;520890;0;5;2020
83;2020-08-01;Cavalcante;520530;0;3;2020
84;2020-09-01;Águas Lindas de Goiás;520025;22;50;2020
85;2020-09-01;Luziânia;521250;10;10;2020
86;2020-09-01;Mineiros;521310;10;10;2020
87;2020-09-01;Nazário;521440;0;1;2020
88;2020-09-01;Paranaiguara;521630;0;1;2020
89;2020-09-01;Piracanjuba;521710;0;6;2020
90;2020-09-01;Rio Verde;521880;40;40;2020
91;2020-09-01;Porangatu;521800;15;29;2020
92;2020-09-01;Senador Canedo;522045;0;1;2020
93;2020-09-01;São João d'Aliança;522000;0;4;2020
94;2020-09-01;São Luís de Montes Belos;522010;11;11;2020
95;2020-09-01;Jataí;521190;10;10;2020
96;2020-09-01;Planaltina;521760;0;8;2020
97;2020-09-01;Trindade;522140;6;8;2020
98;2020-09-01;Jaraguá;521180;0;10;2020
99;2020-09-01;Itaberaí;521040;0;3;2020
100;2020-09-01;Itumbiara;521150;0;29;2020
101;2020-09-01;Anápolis;520110;15;33;2020
102;2020-09-01;Aparecida de Goiânia;520140;40;133;2020
103;2020-09-01;Cachoeira Alta;520410;0;5;2020
104;2020-09-01;Campos Belos;520490;0;3;2020
105;2020-09-01;Catalão;520510;8;39;2020
106;2020-09-01;Caldas Novas;520450;0;28;2020
107;2020-09-01;Ceres;520540;0;10;2020
108;2020-09-01;Chapadão do Céu;520547;0;5;2020
109;2020-09-01;Formosa;520800;10;13;2020
110;2020-09-01;Goiás;520890;0;5;2020
111;2020-09-01;Goiânia;520870;221;346;2020
112;2020-09-01;Inhumas;521000;0;2;2020
113;2020-09-01;Cavalcante;520530;0;3;2020
114;2020-10-01;Piracanjuba;521710;6;6;2020
115;2020-10-01;Luziânia;521250;10;10;2020
116;2020-10-01;Mineiros;521310;10;10;2020
117;2020-10-01;Nazário;521440;0;1;2020
118;2020-10-01;Paranaiguara;521630;0;1;2020
119;2020-10-01;Planaltina;521760;0;8;2020
120;2020-10-01;Jataí;521190;10;10;2020
121;2020-10-01;Rio Verde;521880;20;40;2020
122;2020-10-01;Senador Canedo;522045;0;16;2020
123;2020-10-01;São João d'Aliança;522000;0;4;2020
124;2020-10-01;São Luís de Montes Belos;522010;11;11;2020
125;2020-10-01;Trindade;522140;6;8;2020
126;2020-10-01;Águas Lindas de Goiás;520025;0;50;2020
127;2020-10-01;Porangatu;521800;15;29;2020
128;2020-10-01;Jaraguá;521180;0;10;2020
129;2020-10-01;Goiânia;520870;221;346;2020
130;2020-10-01;Itaberaí;521040;0;3;2020
131;2020-10-01;Aparecida de Goiânia;520140;10;133;2020
132;2020-10-01;Cachoeira Alta;520410;0;5;2020
133;2020-10-01;Caldas Novas;520450;0;28;2020
134;2020-10-01;Campos Belos;520490;0;3;2020
135;2020-10-01;Catalão;520510;20;39;2020
136;2020-10-01;Cavalcante;520530;0;3;2020
137;2020-10-01;Anápolis;520110;15;21;2020
138;2020-10-01;Chapadão do Céu;520547;0;5;2020
139;2020-10-01;Ceres;520540;0;6;2020
140;2020-10-01;Inhumas;521000;0;6;2020
141;2020-10-01;Itumbiara;521150;20;30;2020
142;2020-10-01;Goiás;520890;0;5;2020
143;2020-10-01;Formosa;520800;5;13;2020
144;2020-11-01;Jaraguá;521180;10;10;2020
145;2020-11-01;São Luís de Montes Belos;522010;11;11;2020
146;2020-11-01;São João d'Aliança;522000;0;4;2020
147;2020-11-01;Senador Canedo;522045;0;16;2020
148;2020-11-01;Porangatu;521800;15;29;2020
149;2020-11-01;Planaltina;521760;0;8;2020
150;2020-11-01;Piracanjuba;521710;6;6;2020
151;2020-11-01;Paranaiguara;521630;0;1;2020
152;2020-11-01;Nazário;521440;0;1;2020
153;2020-11-01;Mineiros;521310;10;10;2020
154;2020-11-01;Luziânia;521250;10;10;2020
155;2020-11-01;Jataí;521190;0;10;2020
156;2020-11-01;Trindade;522140;0;8;2020
157;2020-11-01;Rio Verde;521880;20;40;2020
158;2020-11-01;Itumbiara;521150;20;30;2020
159;2020-11-01;Inhumas;521000;0;6;2020
160;2020-11-01;Itaberaí;521040;0;3;2020
161;2020-11-01;Anápolis;520110;0;21;2020
162;2020-11-01;Aparecida de Goiânia;520140;55;133;2020
163;2020-11-01;Cachoeira Alta;520410;0;5;2020
164;2020-11-01;Campos Belos;520490;0;3;2020
165;2020-11-01;Catalão;520510;13;39;2020
166;2020-11-01;Caldas Novas;520450;0;28;2020
167;2020-11-01;Ceres;520540;0;6;2020
168;2020-11-01;Chapadão do Céu;520547;0;5;2020
169;2020-11-01;Formosa;520800;5;13;2020
170;2020-11-01;Goiatuba;520910;4;4;2020
171;2020-11-01;Goiás;520890;0;5;2020
172;2020-11-01;Goiânia;520870;264;362;2020
173;2020-11-01;Cavalcante;520530;0;3;2020
174;2020-12-01;Paranaiguara;521630;0;1;2020
175;2020-12-01;Jataí;521190;0;10;2020
176;2020-12-01;Luziânia;521250;10;10;2020
177;2020-12-01;Mineiros;521310;10;10;2020
178;2020-12-01;Nazário;521440;0;1;2020
179;2020-12-01;Piracanjuba;521710;0;6;2020
180;2020-12-01;Águas Lindas de Goiás;520025;0;50;2020
181;2020-12-01;Porangatu;521800;15;29;2020
182;2020-12-01;Rio Verde;521880;0;40;2020
183;2020-12-01;Senador Canedo;522045;0;16;2020
184;2020-12-01;São João d'Aliança;522000;0;4;2020
185;2020-12-01;São Luís de Montes Belos;522010;5;11;2020
186;2020-12-01;Trindade;522140;0;8;2020
187;2020-12-01;Planaltina;521760;8;8;2020
188;2020-12-01;Itumbiara;521150;20;30;2020
189;2020-12-01;Jaraguá;521180;10;10;2020
190;2020-12-01;Inhumas;521000;0;6;2020
191;2020-12-01;Anápolis;520110;0;21;2020
192;2020-12-01;Aparecida de Goiânia;520140;35;133;2020
193;2020-12-01;Cachoeira Alta;520410;0;5;2020
194;2020-12-01;Caldas Novas;520450;0;28;2020
195;2020-12-01;Campos Belos;520490;0;3;2020
196;2020-12-01;Catalão;520510;13;39;2020
197;2020-12-01;Itaberaí;521040;0;3;2020
198;2020-12-01;Ceres;520540;0;6;2020
199;2020-12-01;Chapadão do Céu;520547;0;5;2020
200;2020-12-01;Formosa;520800;5;13;2020
201;2020-12-01;Goiatuba;520910;0;4;2020
202;2020-12-01;Goiás;520890;0;5;2020
203;2020-12-01;Goiânia;520870;168;362;2020
204;2020-12-01;Cavalcante;520530;0;3;2020
205;2021-01-01;Jataí;521190;0;10;2021
206;2021-01-01;Luziânia;521250;10;10;2021
207;2021-01-01;Mineiros;521310;5;10;2021
208;2021-01-01;Nazário;521440;0;1;2021
209;2021-01-01;Paranaiguara;521630;0;1;2021
210;2021-01-01;Piracanjuba;521710;0;10;2021
211;2021-01-01;Senador Canedo;522045;0;16;2021
212;2021-01-01;Porangatu;521800;0;15;2021
213;2021-01-01;Rio Verde;521880;0;30;2021
214;2021-01-01;São João d'Aliança;522000;0;4;2021
215;2021-01-01;São Luís de Montes Belos;522010;5;10;2021
216;2021-01-01;Trindade;522140;0;8;2021
217;2021-01-01;Jaraguá;521180;10;10;2021
218;2021-01-01;Planaltina;521760;8;8;2021
219;2021-01-01;Águas Lindas de Goiás;520025;0;50;2021
220;2021-01-01;Itumbiara;521150;0;30;2021
221;2021-01-01;Inhumas;521000;6;6;2021
222;2021-01-01;Itaberaí;521040;0;3;2021
223;2021-01-01;Anápolis;520110;0;21;2021
224;2021-01-01;Aparecida de Goiânia;520140;35;133;2021
225;2021-01-01;Cachoeira Alta;520410;0;5;2021
226;2021-01-01;Campos Belos;520490;0;3;2021
227;2021-01-01;Catalão;520510;13;39;2021
228;2021-01-01;Caldas Novas;520450;0;28;2021
229;2021-01-01;Ceres;520540;0;6;2021
230;2021-01-01;Chapadão do Céu;520547;0;5;2021
231;2021-01-01;Formosa;520800;10;13;2021
232;2021-01-01;Goiatuba;520910;0;4;2021
233;2021-01-01;Goiás;520890;0;5;2021
234;2021-01-01;Goiânia;520870;168;422;2021
235;2021-01-01;Cavalcante;520530;0;3;2021
236;2021-02-01;Planaltina;521760;8;8;2021
237;2021-02-01;Jataí;521190;10;20;2021
238;2021-02-01;Luziânia;521250;0;21;2021
239;2021-02-01;Mineiros;521310;5;10;2021
240;2021-02-01;Nazário;521440;0;1;2021
241;2021-02-01;Piracanjuba;521710;0;10;2021
242;2021-02-01;Porangatu;521800;0;20;2021
243;2021-02-01;Águas Lindas de Goiás;520025;0;50;2021
244;2021-02-01;Senador Canedo;522045;0;31;2021
245;2021-02-01;São João d'Aliança;522000;0;4;2021
246;2021-02-01;São Luís de Montes Belos;522010;0;10;2021
247;2021-02-01;Trindade;522140;0;8;2021
248;2021-02-01;Uruaçu;522160;0;68;2021
249;2021-02-01;Jaraguá;521180;0;10;2021
250;2021-02-01;Rio Verde;521880;10;30;2021
251;2021-02-01;Itumbiara;521150;8;50;2021
252;2021-02-01;Paranaiguara;521630;0;1;2021
253;2021-02-01;Inhumas;521000;6;6;2021
254;2021-02-01;Anápolis;520110;5;21;2021
255;2021-02-01;Aparecida de Goiânia;520140;30;185;2021
256;2021-02-01;Cachoeira Alta;520410;0;5;2021
257;2021-02-01;Caiapônia;520440;0;5;2021
258;2021-02-01;Campos Belos;520490;0;3;2021
259;2021-02-01;Catalão;520510;20;41;2021
260;2021-02-01;Cavalcante;520530;0;3;2021
261;2021-02-01;Caldas Novas;520450;0;28;2021
262;2021-02-01;Chapadão do Céu;520547;0;5;2021
263;2021-02-01;Itaberaí;521040;0;3;2021
264;2021-02-01;Formosa;520800;5;13;2021
265;2021-02-01;Goiatuba;520910;0;4;2021
266;2021-02-01;Goiás;520890;0;5;2021
267;2021-02-01;Goiânia;520870;145;538;2021
268;2021-02-01;Ceres;520540;0;6;2021
269;2021-03-01;Porangatu;521800;0;20;2021
270;2021-03-01;Mineiros;521310;10;18;2021
271;2021-03-01;Nazário;521440;0;1;2021
272;2021-03-01;Paranaiguara;521630;0;1;2021
273;2021-03-01;Piracanjuba;521710;0;10;2021
274;2021-03-01;Planaltina;521760;0;8;2021
275;2021-03-01;Rio Verde;521880;45;45;2021
276;2021-03-01;Águas Lindas de Goiás;520025;0;50;2021
277;2021-03-01;Senador Canedo;522045;0;31;2021
278;2021-03-01;São João d'Aliança;522000;0;4;2021
279;2021-03-01;São Luís de Montes Belos;522010;19;19;2021
280;2021-03-01;Trindade;522140;10;20;2021
281;2021-03-01;Uruaçu;522160;40;72;2021
282;2021-03-01;Valparaíso de Goiás;522185;0;7;2021
283;2021-03-01;Luziânia;521250;30;41;2021
284;2021-03-01;Santo Antônio do Descoberto;521975;0;3;2021
285;2021-03-01;Jaraguá;521180;10;10;2021
286;2021-03-01;Jataí;521190;30;30;2021
287;2021-03-01;Itaberaí;521040;0;3;2021
288;2021-03-01;Itumbiara;521150;8;50;2021
289;2021-03-01;Anápolis;520110;15;73;2021
290;2021-03-01;Aparecida de Goiânia;520140;143;225;2021
291;2021-03-01;Cachoeira Alta;520410;0;5;2021
292;2021-03-01;Caiapônia;520440;0;5;2021
293;2021-03-01;Caldas Novas;520450;0;28;2021
294;2021-03-01;Catalão;520510;22;41;2021
295;2021-03-01;Cavalcante;520530;0;3;2021
296;2021-03-01;Campos Belos;520490;0;3;2021
297;2021-03-01;Chapadão do Céu;520547;0;5;2021
298;2021-03-01;Formosa;520800;10;13;2021
299;2021-03-01;Goiatuba;520910;4;4;2021
300;2021-03-01;Goiás;520890;0;5;2021
301;2021-03-01;Goiânia;520870;431;642;2021
302;2021-03-01;Guaraíta;520929;0;2;2021
303;2021-03-01;Inhumas;521000;0;6;2021
304;2021-03-01;Ceres;520540;0;18;2021
305;2021-04-01;Pontalina;521770;0;4;2021
306;2021-04-01;Mineiros;521310;10;18;2021
307;2021-04-01;Nazário;521440;0;1;2021
308;2021-04-01;Niquelândia;521460;0;1;2021
309;2021-04-01;Paranaiguara;521630;0;1;2021
310;2021-04-01;Piracanjuba;521710;4;10;2021
311;2021-04-01;Planaltina;521760;0;8;2021
312;2021-04-01;Porangatu;521800;0;20;2021
313;2021-04-01;Águas Lindas de Goiás;520025;0;33;2021
314;2021-04-01;Santo Antônio do Descoberto;521975;0;3;2021
315;2021-04-01;Senador Canedo;522045;0;56;2021
316;2021-04-01;São João d'Aliança;522000;0;4;2021
317;2021-04-01;São Luís de Montes Belos;522010;19;19;2021
318;2021-04-01;Trindade;522140;10;20;2021
319;2021-04-01;Uruaçu;522160;40;72;2021
320;2021-04-01;Valparaíso de Goiás;522185;0;7;2021
321;2021-04-01;Luziânia;521250;30;41;2021
322;2021-04-01;Rio Verde;521880;25;45;2021
323;2021-04-01;Jataí;521190;30;36;2021
324;2021-04-01;Caldas Novas;520450;0;28;2021
325;2021-04-01;Itumbiara;521150;30;60;2021
326;2021-04-01;Jaraguá;521180;10;10;2021
327;2021-04-01;Anápolis;520110;5;78;2021
328;2021-04-01;Aparecida de Goiânia;520140;147;242;2021
329;2021-04-01;Cachoeira Alta;520410;0;5;2021
330;2021-04-01;Caiapônia;520440;0;5;2021
331;2021-04-01;Campos Belos;520490;0;3;2021
332;2021-04-01;Catalão;520510;22;41;2021
333;2021-04-01;Ceres;520540;0;38;2021
334;2021-04-01;Cavalcante;520530;0;3;2021
335;2021-04-01;Edéia;520740;0;2;2021
336;2021-04-01;Formosa;520800;10;13;2021
337;2021-04-01;Goiatuba;520910;0;4;2021
338;2021-04-01;Goiás;520890;5;10;2021
339;2021-04-01;Goiânia;520870;431;672;2021
340;2021-04-01;Guaraíta;520929;0;2;2021
341;2021-04-01;Inhumas;521000;0;6;2021
342;2021-04-01;Itaberaí;521040;0;3;2021
343;2021-04-01;Chapadão do Céu;520547;0;5;2021
344;2021-05-01;Piracanjuba;521710;4;10;2021
345;2021-05-01;Pontalina;521770;0;6;2021
346;2021-05-01;Planaltina;521760;0;8;2021
347;2021-05-01;Paranaiguara;521630;0;1;2021
348;2021-05-01;Luziânia;521250;35;41;2021
349;2021-05-01;Nazário;521440;0;1;2021
350;2021-05-01;Mineiros;521310;10;18;2021
351;2021-05-01;Porangatu;521800;0;20;2021
352;2021-05-01;Niquelândia;521460;0;1;2021
353;2021-05-01;Rio Verde;521880;25;45;2021
354;2021-05-01;Uruaçu;522160;60;72;2021
355;2021-05-01;Santo Antônio do Descoberto;521975;0;3;2021
356;2021-05-01;Senador Canedo;522045;0;66;2021
357;2021-05-01;São João d'Aliança;522000;0;4;2021
358;2021-05-01;São Luís de Montes Belos;522010;19;19;2021
359;2021-05-01;São Simão;522040;0;7;2021
360;2021-05-01;Águas Lindas de Goiás;520025;0;33;2021
361;2021-05-01;Uruana;522170;0;2;2021
362;2021-05-01;Valparaíso de Goiás;522185;0;7;2021
363;2021-05-01;Jataí;521190;30;36;2021
364;2021-05-01;Santa Helena de Goiás;521930;0;10;2021
365;2021-05-01;Jaraguá;521180;10;10;2021
366;2021-05-01;Trindade;522140;20;20;2021
367;2021-05-01;Itaberaí;521040;0;3;2021
368;2021-05-01;Itumbiara;521150;50;60;2021
369;2021-05-01;Alto Paraíso de Goiás;520060;0;3;2021
370;2021-05-01;Anápolis;520110;15;78;2021
371;2021-05-01;Aparecida de Goiânia;520140;193;242;2021
372;2021-05-01;Bom Jesus de Goiás;520350;0;5;2021
373;2021-05-01;Caiapônia;520440;0;5;2021
374;2021-05-01;Caldas Novas;520450;0;28;2021
375;2021-05-01;Campos Belos;520490;0;3;2021
376;2021-05-01;Catalão;520510;13;41;2021
377;2021-05-01;Cavalcante;520530;0;3;2021
378;2021-05-01;Cachoeira Alta;520410;0;5;2021
379;2021-05-01;Chapadão do Céu;520547;0;5;2021
380;2021-05-01;Edéia;520740;0;2;2021
381;2021-05-01;Formosa;520800;10;20;2021
382;2021-05-01;Goianésia;520860;0;20;2021
383;2021-05-01;Goiatuba;520910;0;7;2021
384;2021-05-01;Goiás;520890;5;10;2021
385;2021-05-01;Goiânia;520870;431;721;2021
386;2021-05-01;Guaraíta;520929;0;2;2021
387;2021-05-01;Inhumas;521000;0;6;2021
388;2021-05-01;Ceres;520540;0;38;2021
389;2021-06-01;Pontalina;521770;4;6;2021
390;2021-06-01;Planaltina;521760;0;12;2021
391;2021-06-01;Piracanjuba;521710;10;10;2021
392;2021-06-01;Paranaiguara;521630;0;1;2021
393;2021-06-01;Luziânia;521250;37;63;2021
394;2021-06-01;Nazário;521440;0;1;2021
395;2021-06-01;Mineiros;521310;10;18;2021
396;2021-06-01;Mara Rosa;521280;0;1;2021
397;2021-06-01;Porangatu;521800;0;20;2021
398;2021-06-01;Niquelândia;521460;0;1;2021
399;2021-06-01;Rio Verde;521880;45;45;2021
400;2021-06-01;Valparaíso de Goiás;522185;0;7;2021
401;2021-06-01;Santo Antônio do Descoberto;521975;0;3;2021
402;2021-06-01;Senador Canedo;522045;0;67;2021
403;2021-06-01;São João d'Aliança;522000;0;4;2021
404;2021-06-01;São Luís de Montes Belos;522010;19;19;2021
405;2021-06-01;São Luíz do Norte;522015;0;1;2021
406;2021-06-01;São Simão;522040;0;7;2021
407;2021-06-01;Trindade;522140;20;20;2021
408;2021-06-01;Uruana;522170;0;2;2021
409;2021-06-01;Uruaçu;522160;60;72;2021
410;2021-06-01;Jataí;521190;30;36;2021
411;2021-06-01;Águas Lindas de Goiás;520025;0;33;2021
412;2021-06-01;Santa Helena de Goiás;521930;0;10;2021
413;2021-06-01;Itumbiara;521150;50;60;2021
414;2021-06-01;Jaraguá;521180;10;20;2021
415;2021-06-01;Alto Paraíso de Goiás;520060;0;3;2021
416;2021-06-01;Itaberaí;521040;0;3;2021
417;2021-06-01;Anápolis;520110;15;79;2021
418;2021-06-01;Aparecida de Goiânia;520140;197;242;2021
419;2021-06-01;Bom Jesus de Goiás;520350;5;5;2021
420;2021-06-01;Britânia;520380;0;2;2021
421;2021-06-01;Cachoeira Alta;520410;0;5;2021
422;2021-06-01;Caiapônia;520440;0;5;2021
423;2021-06-01;Campos Belos;520490;0;4;2021
424;2021-06-01;Castelândia;520505;0;1;2021
425;2021-06-01;Catalão;520510;15;48;2021
426;2021-06-01;Cavalcante;520530;0;3;2021
427;2021-06-01;Caldas Novas;520450;0;28;2021
428;2021-06-01;Chapadão do Céu;520547;0;5;2021
429;2021-06-01;Ceres;520540;0;38;2021
430;2021-06-01;Inhumas;521000;0;6;2021
431;2021-06-01;Guaraíta;520929;0;2;2021
432;2021-06-01;Goiânia;520870;431;721;2021
433;2021-06-01;Goiás;520890;5;10;2021
434;2021-06-01;Iporá;521020;10;10;2021
435;2021-06-01;Goianésia;520860;0;22;2021
436;2021-06-01;Formosa;520800;20;20;2021
437;2021-06-01;Edéia;520740;0;2;2021
438;2021-06-01;Cidade Ocidental;520549;0;4;2021
439;2021-06-01;Goiatuba;520910;0;7;2021
440;2021-07-01;Porangatu;521800;0;20;2021
441;2021-07-01;Luziânia;521250;37;63;2021
442;2021-07-01;Mara Rosa;521280;0;1;2021
443;2021-07-01;Mineiros;521310;10;18;2021
444;2021-07-01;Nazário;521440;0;1;2021
445;2021-07-01;Niquelândia;521460;0;4;2021
446;2021-07-01;Paranaiguara;521630;0;1;2021
447;2021-07-01;Piracanjuba;521710;10;10;2021
448;2021-07-01;Planaltina;521760;0;12;2021
449;2021-07-01;Pontalina;521770;4;6;2021
450;2021-07-01;Rio Verde;521880;45;45;2021
451;2021-07-01;Jataí;521190;30;36;2021
452;2021-07-01;Santo Antônio do Descoberto;521975;0;3;2021
453;2021-07-01;Senador Canedo;522045;0;66;2021
454;2021-07-01;São João d'Aliança;522000;0;4;2021
455;2021-07-01;São Luís de Montes Belos;522010;19;19;2021
456;2021-07-01;São Luíz do Norte;522015;0;1;2021
457;2021-07-01;São Simão;522040;0;7;2021
458;2021-07-01;Trindade;522140;20;20;2021
459;2021-07-01;Uruana;522170;0;2;2021
460;2021-07-01;Uruaçu;522160;60;72;2021
461;2021-07-01;Águas Lindas de Goiás;520025;0;33;2021
462;2021-07-01;Valparaíso de Goiás;522185;0;7;2021
463;2021-07-01;Santa Helena de Goiás;521930;10;10;2021
464;2021-07-01;Jaraguá;521180;10;20;2021
465;2021-07-01;Anápolis;520110;5;68;2021
466;2021-07-01;Itaberaí;521040;0;3;2021
467;2021-07-01;Itumbiara;521150;50;60;2021
468;2021-07-01;Alto Paraíso de Goiás;520060;0;1;2021
469;2021-07-01;Aparecida de Goiânia;520140;197;242;2021
470;2021-07-01;Bom Jesus de Goiás;520350;5;5;2021
471;2021-07-01;Britânia;520380;0;2;2021
472;2021-07-01;Cachoeira Alta;520410;0;5;2021
473;2021-07-01;Caldas Novas;520450;0;28;2021
474;2021-07-01;Campos Belos;520490;0;4;2021
475;2021-07-01;Castelândia;520505;0;1;2021
476;2021-07-01;Catalão;520510;15;48;2021
477;2021-07-01;Cavalcante;520530;0;3;2021
478;2021-07-01;Caiapônia;520440;0;5;2021
479;2021-07-01;Chapadão do Céu;520547;0;5;2021
480;2021-07-01;Iporá;521020;10;10;2021
481;2021-07-01;Ceres;520540;0;38;2021
482;2021-07-01;Inhumas;521000;0;15;2021
483;2021-07-01;Guaraíta;520929;0;2;2021
484;2021-07-01;Goiás;520890;5;10;2021
485;2021-07-01;Goiânia;520870;431;759;2021
486;2021-07-01;Goianésia;520860;0;22;2021
487;2021-07-01;Formosa;520800;20;20;2021
488;2021-07-01;Edéia;520740;0;2;2021
489;2021-07-01;Cidade Ocidental;520549;0;4;2021
490;2021-07-01;Goiatuba;520910;4;7;2021
491;2021-08-01;Quirinópolis;521850;0;10;2021
492;2021-08-01;Planaltina;521760;0;12;2021
493;2021-08-01;Porangatu;521800;0;20;2021
494;2021-08-01;Pontalina;521770;4;6;2021
495;2021-08-01;Piracanjuba;521710;10;10;2021
496;2021-08-01;Luziânia;521250;39;65;2021
497;2021-08-01;Niquelândia;521460;0;4;2021
498;2021-08-01;Nazário;521440;0;1;2021
499;2021-08-01;Mara Rosa;521280;0;1;2021
500;2021-08-01;Rialma;521860;0;7;2021
501;2021-08-01;Paranaiguara;521630;0;1;2021
502;2021-08-01;Rio Verde;521880;45;45;2021
503;2021-08-01;Águas Lindas de Goiás;520025;15;33;2021
504;2021-08-01;Santo Antônio do Descoberto;521975;0;3;2021
505;2021-08-01;Senador Canedo;522045;14;66;2021
506;2021-08-01;São João d'Aliança;522000;0;4;2021
507;2021-08-01;São Luís de Montes Belos;522010;19;19;2021
508;2021-08-01;São Luíz do Norte;522015;0;1;2021
509;2021-08-01;São Simão;522040;0;7;2021
510;2021-08-01;Trindade;522140;20;20;2021
511;2021-08-01;Uruana;522170;0;2;2021
512;2021-08-01;Uruaçu;522160;68;72;2021
513;2021-08-01;Valparaíso de Goiás;522185;0;7;2021
514;2021-08-01;Jataí;521190;30;36;2021
515;2021-08-01;Santa Helena de Goiás;521930;10;10;2021
516;2021-08-01;Jaraguá;521180;10;20;2021
517;2021-08-01;Mineiros;521310;12;18;2021
518;2021-08-01;Itaberaí;521040;0;3;2021
519;2021-08-01;Anápolis;520110;32;79;2021
520;2021-08-01;Aparecida de Goiânia;520140;197;242;2021
521;2021-08-01;Bom Jesus de Goiás;520350;5;5;2021
522;2021-08-01;Britânia;520380;0;2;2021
523;2021-08-01;Cachoeira Alta;520410;0;5;2021
524;2021-08-01;Caiapônia;520440;0;5;2021
525;2021-08-01;Caldas Novas;520450;0;18;2021
526;2021-08-01;Campos Belos;520490;4;4;2021
527;2021-08-01;Castelândia;520505;0;1;2021
528;2021-08-01;Catalão;520510;22;54;2021
529;2021-08-01;Cavalcante;520530;0;3;2021
530;2021-08-01;Ceres;520540;0;43;2021
531;2021-08-01;Alto Paraíso de Goiás;520060;0;1;2021
532;2021-08-01;Cidade Ocidental;520549;0;4;2021
533;2021-08-01;Iporá;521020;10;10;2021
534;2021-08-01;Inhumas;521000;14;14;2021
535;2021-08-01;Guaraíta;520929;0;2;2021
536;2021-08-01;Chapadão do Céu;520547;0;5;2021
537;2021-08-01;Goiânia;520870;456;759;2021
538;2021-08-01;Itumbiara;521150;50;60;2021
539;2021-08-01;Goiatuba;520910;7;7;2021
540;2021-08-01;Goianésia;520860;22;22;2021
541;2021-08-01;Formosa;520800;20;20;2021
542;2021-08-01;Estrela do Norte;520750;0;4;2021
543;2021-08-01;Edéia;520740;0;2;2021
544;2021-08-01;Goiás;520890;5;10;2021
545;2021-09-01;Porangatu;521800;0;20;2021
546;2021-09-01;Pontalina;521770;4;6;2021
547;2021-09-01;Planaltina;521760;0;12;2021
548;2021-09-01;Piracanjuba;521710;10;10;2021
549;2021-09-01;Luziânia;521250;49;65;2021
550;2021-09-01;Niquelândia;521460;0;4;2021
551;2021-09-01;Nazário;521440;0;1;2021
552;2021-09-01;Mineiros;521310;18;18;2021
553;2021-09-01;Mara Rosa;521280;0;1;2021
554;2021-09-01;Quirinópolis;521850;0;10;2021
555;2021-09-01;Paranaiguara;521630;0;1;2021
556;2021-09-01;Rialma;521860;0;7;2021
557;2021-09-01;São Luíz do Norte;522015;0;1;2021
558;2021-09-01;Santa Helena de Goiás;521930;10;10;2021
559;2021-09-01;Santo Antônio do Descoberto;521975;0;3;2021
560;2021-09-01;Senador Canedo;522045;22;66;2021
561;2021-09-01;São João d'Aliança;522000;0;4;2021
562;2021-09-01;São Luís de Montes Belos;522010;10;10;2021
563;2021-09-01;São Simão;522040;0;7;2021
564;2021-09-01;Trindade;522140;20;20;2021
565;2021-09-01;Uruana;522170;0;2;2021
566;2021-09-01;Uruaçu;522160;68;72;2021
567;2021-09-01;Valparaíso de Goiás;522185;0;7;2021
568;2021-09-01;Águas Lindas de Goiás;520025;15;33;2021
569;2021-09-01;Jataí;521190;30;36;2021
570;2021-09-01;Rio Verde;521880;35;45;2021
571;2021-09-01;Jaraguá;521180;10;20;2021
572;2021-09-01;Itumbiara;521150;50;60;2021
573;2021-09-01;Itaberaí;521040;0;3;2021
574;2021-09-01;Alto Paraíso de Goiás;520060;0;1;2021
575;2021-09-01;Anápolis;520110;32;76;2021
576;2021-09-01;Aparecida de Goiânia;520140;197;242;2021
577;2021-09-01;Bom Jesus de Goiás;520350;5;5;2021
578;2021-09-01;Britânia;520380;0;2;2021
579;2021-09-01;Cachoeira Alta;520410;0;5;2021
580;2021-09-01;Caiapônia;520440;0;5;2021
581;2021-09-01;Campinaçu;520465;0;2;2021
582;2021-09-01;Campos Belos;520490;4;4;2021
583;2021-09-01;Castelândia;520505;0;1;2021
584;2021-09-01;Catalão;520510;22;54;2021
585;2021-09-01;Cavalcante;520530;0;3;2021
586;2021-09-01;Caldas Novas;520450;0;18;2021
587;2021-09-01;Chapadão do Céu;520547;0;5;2021
588;2021-09-01;Ceres;520540;0;26;2021
589;2021-09-01;Inhumas;521000;14;14;2021
590;2021-09-01;Guaraíta;520929;0;2;2021
591;2021-09-01;Goiânia;520870;456;759;2021
592;2021-09-01;Goiás;520890;5;10;2021
593;2021-09-01;Goiatuba;520910;7;7;2021
594;2021-09-01;Iporá;521020;10;10;2021
595;2021-09-01;Formosa;520800;20;20;2021
596;2021-09-01;Estrela do Norte;520750;0;4;2021
597;2021-09-01;Edéia;520740;0;2;2021
598;2021-09-01;Cidade Ocidental;520549;0;4;2021
599;2021-09-01;Goianésia;520860;22;22;2021
600;2021-10-01;Quirinópolis;521850;10;10;2021
601;2021-10-01;Porangatu;521800;15;20;2021
602;2021-10-01;Pontalina;521770;4;6;2021
603;2021-10-01;Planaltina;521760;0;12;2021
604;2021-10-01;Piracanjuba;521710;10;10;2021
605;2021-10-01;Paranaiguara;521630;0;1;2021
606;2021-10-01;Mineiros;521310;18;18;2021
607;2021-10-01;Nazário;521440;0;1;2021
608;2021-10-01;Mara Rosa;521280;0;1;2021
609;2021-10-01;Luziânia;521250;59;65;2021
610;2021-10-01;Jataí;521190;40;40;2021
611;2021-10-01;Niquelândia;521460;0;4;2021
612;2021-10-01;Rialma;521860;5;7;2021
613;2021-10-01;Águas Lindas de Goiás;520025;15;33;2021
614;2021-10-01;Santa Helena de Goiás;521930;10;10;2021
615;2021-10-01;Santo Antônio do Descoberto;521975;0;3;2021
616;2021-10-01;Senador Canedo;522045;22;66;2021
617;2021-10-01;São João d'Aliança;522000;0;4;2021
618;2021-10-01;São Luís de Montes Belos;522010;10;10;2021
619;2021-10-01;São Luíz do Norte;522015;0;1;2021
620;2021-10-01;São Simão;522040;0;7;2021
621;2021-10-01;Trindade;522140;20;20;2021
622;2021-10-01;Uruana;522170;0;2;2021
623;2021-10-01;Uruaçu;522160;68;72;2021
624;2021-10-01;Valparaíso de Goiás;522185;0;7;2021
625;2021-10-01;Jaraguá;521180;10;20;2021
626;2021-10-01;Rio Verde;521880;35;45;2021
627;2021-10-01;Itumbiara;521150;50;60;2021
628;2021-10-01;Alto Paraíso de Goiás;520060;0;1;2021
629;2021-10-01;Iporá;521020;10;10;2021
630;2021-10-01;Itaberaí;521040;0;3;2021
631;2021-10-01;Anápolis;520110;32;76;2021
632;2021-10-01;Aparecida de Goiânia;520140;204;242;2021
633;2021-10-01;Bom Jesus de Goiás;520350;5;5;2021
634;2021-10-01;Britânia;520380;0;2;2021
635;2021-10-01;Cachoeira Alta;520410;0;5;2021
636;2021-10-01;Caiapônia;520440;0;5;2021
637;2021-10-01;Campinaçu;520465;0;2;2021
638;2021-10-01;Campos Belos;520490;4;4;2021
639;2021-10-01;Castelândia;520505;0;1;2021
640;2021-10-01;Catalão;520510;22;54;2021
641;2021-10-01;Cavalcante;520530;0;3;2021
642;2021-10-01;Caldas Novas;520450;0;18;2021
643;2021-10-01;Chapadão do Céu;520547;0;5;2021
644;2021-10-01;Inhumas;521000;14;14;2021
645;2021-10-01;Ceres;520540;0;26;2021
646;2021-10-01;Guaraíta;520929;0;2;2021
647;2021-10-01;Goiânia;520870;456;759;2021
648;2021-10-01;Goiás;520890;5;10;2021
649;2021-10-01;Goianésia;520860;22;22;2021
650;2021-10-01;Goiatuba;520910;7;7;2021
651;2021-10-01;Formosa;520800;20;20;2021
652;2021-10-01;Estrela do Norte;520750;0;4;2021
653;2021-10-01;Edéia;520740;0;2;2021
654;2021-10-01;Cidade Ocidental;520549;0;4;2021
655;2021-10-01;Goianápolis;520840;0;2;2021
656;2021-11-01;Piracanjuba;521710;10;10;2021
657;2021-11-01;Porangatu;521800;15;20;2021
658;2021-11-01;Pontalina;521770;4;6;2021
659;2021-11-01;Planaltina;521760;0;12;2021
660;2021-11-01;Paranaiguara;521630;0;1;2021
661;2021-11-01;Jataí;521190;14;40;2021
662;2021-11-01;Nazário;521440;0;1;2021
663;2021-11-01;Mineiros;521310;8;8;2021
664;2021-11-01;Mara Rosa;521280;0;1;2021
665;2021-11-01;Luziânia;521250;59;65;2021
666;2021-11-01;Quirinópolis;521850;10;10;2021
667;2021-11-01;Niquelândia;521460;4;4;2021
668;2021-11-01;Rialma;521860;5;7;2021
669;2021-11-01;Águas Lindas de Goiás;520025;15;33;2021
670;2021-11-01;Santa Helena de Goiás;521930;10;10;2021
671;2021-11-01;Santo Antônio do Descoberto;521975;0;3;2021
672;2021-11-01;Senador Canedo;522045;22;66;2021
673;2021-11-01;São João d'Aliança;522000;0;4;2021
674;2021-11-01;São Luís de Montes Belos;522010;10;10;2021
675;2021-11-01;São Luíz do Norte;522015;0;1;2021
676;2021-11-01;São Simão;522040;0;7;2021
677;2021-11-01;Trindade;522140;20;20;2021
678;2021-11-01;Uruana;522170;0;2;2021
679;2021-11-01;Uruaçu;522160;20;72;2021
680;2021-11-01;Valparaíso de Goiás;522185;0;7;2021
681;2021-11-01;Jaraguá;521180;10;20;2021
682;2021-11-01;Rio Verde;521880;35;45;2021
683;2021-11-01;Itumbiara;521150;40;60;2021
684;2021-11-01;Anápolis;520110;18;56;2021
685;2021-11-01;Iporá;521020;10;10;2021
686;2021-11-01;Alto Paraíso de Goiás;520060;0;1;2021
687;2021-11-01;Aparecida de Goiânia;520140;204;242;2021
688;2021-11-01;Bom Jesus de Goiás;520350;5;5;2021
689;2021-11-01;Britânia;520380;0;2;2021
690;2021-11-01;Cachoeira Alta;520410;0;5;2021
691;2021-11-01;Caiapônia;520440;0;5;2021
692;2021-11-01;Caldas Novas;520450;0;18;2021
693;2021-11-01;Campinaçu;520465;0;2;2021
694;2021-11-01;Campos Belos;520490;4;4;2021
695;2021-11-01;Castelândia;520505;0;1;2021
696;2021-11-01;Catalão;520510;22;54;2021
697;2021-11-01;Cavalcante;520530;0;3;2021
698;2021-11-01;Itaberaí;521040;0;3;2021
699;2021-11-01;Chapadão do Céu;520547;0;5;2021
700;2021-11-01;Ceres;520540;0;14;2021
701;2021-11-01;Guaraíta;520929;0;2;2021
702;2021-11-01;Goiânia;520870;430;759;2021
703;2021-11-01;Goiás;520890;5;10;2021
704;2021-11-01;Goiatuba;520910;7;7;2021
705;2021-11-01;Inhumas;521000;14;14;2021
706;2021-11-01;Goianápolis;520840;0;2;2021
707;2021-11-01;Formosa;520800;20;20;2021
708;2021-11-01;Estrela do Norte;520750;0;4;2021
709;2021-11-01;Edéia;520740;0;2;2021
710;2021-11-01;Cidade Ocidental;520549;0;4;2021
711;2021-11-01;Goianésia;520860;22;22;2021
712;2021-12-01;Pontalina;521770;4;6;2021
713;2021-12-01;Planaltina;521760;0;12;2021
714;2021-12-01;Piracanjuba;521710;10;10;2021
715;2021-12-01;Paranaiguara;521630;0;1;2021
716;2021-12-01;Niquelândia;521460;4;4;2021
717;2021-12-01;Morrinhos;521380;0;6;2021
718;2021-12-01;Mineiros;521310;8;8;2021
719;2021-12-01;Mara Rosa;521280;0;1;2021
720;2021-12-01;Luziânia;521250;59;65;2021
721;2021-12-01;Porangatu;521800;15;20;2021
722;2021-12-01;Jataí;521190;4;40;2021
723;2021-12-01;Nazário;521440;0;1;2021
724;2021-12-01;Quirinópolis;521850;0;10;2021
725;2021-12-01;São João d'Aliança;522000;0;4;2021
726;2021-12-01;Rio Verde;521880;35;45;2021
727;2021-12-01;Santa Helena de Goiás;521930;0;10;2021
728;2021-12-01;Santo Antônio do Descoberto;521975;0;3;2021
729;2021-12-01;Senador Canedo;522045;22;66;2021
730;2021-12-01;São Luís de Montes Belos;522010;10;10;2021
731;2021-12-01;São Luíz do Norte;522015;0;1;2021
732;2021-12-01;São Simão;522040;0;7;2021
733;2021-12-01;Trindade;522140;20;20;2021
734;2021-12-01;Uruana;522170;0;2;2021
735;2021-12-01;Uruaçu;522160;20;72;2021
736;2021-12-01;Jaraguá;521180;10;20;2021
737;2021-12-01;Águas Lindas de Goiás;520025;15;33;2021
738;2021-12-01;Rialma;521860;5;7;2021
739;2021-12-01;Valparaíso de Goiás;522185;0;7;2021
740;2021-12-01;Itumbiara;521150;20;60;2021
741;2021-12-01;Iporá;521020;10;10;2021
742;2021-12-01;Itaberaí;521040;0;3;2021
743;2021-12-01;Alto Paraíso de Goiás;520060;0;1;2021
744;2021-12-01;Anápolis;520110;18;56;2021
745;2021-12-01;Aparecida de Goiânia;520140;169;242;2021
746;2021-12-01;Bom Jesus de Goiás;520350;5;5;2021
747;2021-12-01;Britânia;520380;0;2;2021
748;2021-12-01;Cachoeira Alta;520410;0;5;2021
749;2021-12-01;Caldas Novas;520450;0;18;2021
750;2021-12-01;Campinaçu;520465;0;2;2021
751;2021-12-01;Campos Belos;520490;4;4;2021
752;2021-12-01;Castelândia;520505;0;1;2021
753;2021-12-01;Catalão;520510;17;54;2021
754;2021-12-01;Cavalcante;520530;0;3;2021
755;2021-12-01;Caiapônia;520440;0;5;2021
756;2021-12-01;Chapadão do Céu;520547;0;5;2021
757;2021-12-01;Ceres;520540;0;14;2021
758;2021-12-01;Guaraíta;520929;0;2;2021
759;2021-12-01;Goiânia;520870;248;759;2021
760;2021-12-01;Goiás;520890;5;10;2021
761;2021-12-01;Goiatuba;520910;7;7;2021
762;2021-12-01;Goianésia;520860;22;22;2021
763;2021-12-01;Inhumas;521000;14;14;2021
764;2021-12-01;Formosa;520800;20;20;2021
765;2021-12-01;Estrela do Norte;520750;0;4;2021
766;2021-12-01;Edéia;520740;0;2;2021
767;2021-12-01;Cidade Ocidental;520549;0;4;2021
768;2021-12-01;Goianápolis;520840;0;2;2021
769;2022-01-01;Porangatu;521800;0;5;2022
770;2022-01-01;Pontalina;521770;0;6;2022
771;2022-01-01;Planaltina;521760;0;12;2022
772;2022-01-01;Piracanjuba;521710;0;10;2022
773;2022-01-01;Paranaiguara;521630;0;1;2022
774;2022-01-01;Niquelândia;521460;0;4;2022
775;2022-01-01;Mineiros;521310;0;8;2022
776;2022-01-01;Morrinhos;521380;0;6;2022
777;2022-01-01;Mara Rosa;521280;0;1;2022
778;2022-01-01;Luziânia;521250;50;61;2022
779;2022-01-01;Jataí;521190;4;4;2022
780;2022-01-01;Nazário;521440;0;1;2022
781;2022-01-01;Quirinópolis;521850;0;10;2022
782;2022-01-01;Jaraguá;521180;10;20;2022
783;2022-01-01;Rialma;521860;0;7;2022
784;2022-01-01;Rio Verde;521880;15;45;2022
785;2022-01-01;Santa Helena de Goiás;521930;0;10;2022
786;2022-01-01;Santo Antônio do Descoberto;521975;0;3;2022
787;2022-01-01;Senador Canedo;522045;0;55;2022
788;2022-01-01;São João d'Aliança;522000;0;4;2022
789;2022-01-01;São Luíz do Norte;522015;0;1;2022
790;2022-01-01;São Simão;522040;0;7;2022
791;2022-01-01;Trindade;522140;0;20;2022
792;2022-01-01;Uruana;522170;0;2;2022
793;2022-01-01;Uruaçu;522160;0;24;2022
794;2022-01-01;Valparaíso de Goiás;522185;0;7;2022
795;2022-01-01;Águas Lindas de Goiás;520025;0;33;2022
796;2022-01-01;Itumbiara;521150;20;38;2022
797;2022-01-01;Cavalcante;520530;0;3;2022
798;2022-01-01;Iporá;521020;0;10;2022
799;2022-01-01;Itaberaí;521040;0;3;2022
800;2022-01-01;Alto Paraíso de Goiás;520060;0;1;2022
801;2022-01-01;Anápolis;520110;7;42;2022
802;2022-01-01;Aparecida de Goiânia;520140;158;242;2022
803;2022-01-01;Bom Jesus de Goiás;520350;0;5;2022
804;2022-01-01;Britânia;520380;0;2;2022
805;2022-01-01;Cachoeira Alta;520410;0;5;2022
806;2022-01-01;Caldas Novas;520450;0;18;2022
807;2022-01-01;Campinaçu;520465;0;2;2022
808;2022-01-01;Campos Belos;520490;0;4;2022
809;2022-01-01;Castelândia;520505;0;1;2022
810;2022-01-01;Catalão;520510;8;54;2022
811;2022-01-01;Caiapônia;520440;0;5;2022
812;2022-01-01;Chapadão do Céu;520547;0;5;2022
813;2022-01-01;Ceres;520540;0;14;2022
814;2022-01-01;Guaraíta;520929;0;2;2022
815;2022-01-01;Goiânia;520870;214;774;2022
816;2022-01-01;Goiás;520890;5;10;2022
817;2022-01-01;Goiatuba;520910;0;7;2022
818;2022-01-01;Goianésia;520860;0;22;2022
819;2022-01-01;Inhumas;521000;0;14;2022
820;2022-01-01;Formosa;520800;20;20;2022
821;2022-01-01;Estrela do Norte;520750;0;4;2022
822;2022-01-01;Edéia;520740;0;2;2022
823;2022-01-01;Cidade Ocidental;520549;0;4;2022
824;2022-01-01;Goianápolis;520840;0;2;2022
825;2022-02-01;Porangatu;521800;0;5;2022
826;2022-02-01;Pontalina;521770;0;6;2022
827;2022-02-01;Planaltina;521760;0;12;2022
828;2022-02-01;Piracanjuba;521710;0;10;2022
829;2022-02-01;Paranaiguara;521630;0;1;2022
830;2022-02-01;Niquelândia;521460;0;4;2022
831;2022-02-01;Mineiros;521310;0;8;2022
832;2022-02-01;Morrinhos;521380;0;6;2022
833;2022-02-01;Mara Rosa;521280;0;1;2022
834;2022-02-01;Luziânia;521250;50;61;2022
835;2022-02-01;Jataí;521190;4;4;2022
836;2022-02-01;Nazário;521440;0;1;2022
837;2022-02-01;Quirinópolis;521850;0;10;2022
838;2022-02-01;Águas Lindas de Goiás;520025;0;33;2022
839;2022-02-01;Rio Verde;521880;15;45;2022
840;2022-02-01;Santa Helena de Goiás;521930;0;10;2022
841;2022-02-01;Santo Antônio do Descoberto;521975;0;3;2022
842;2022-02-01;Senador Canedo;522045;0;55;2022
843;2022-02-01;São João d'Aliança;522000;0;4;2022
844;2022-02-01;São Luíz do Norte;522015;0;1;2022
845;2022-02-01;São Simão;522040;0;7;2022
846;2022-02-01;Trindade;522140;0;20;2022
847;2022-02-01;Uruana;522170;0;2;2022
848;2022-02-01;Uruaçu;522160;0;34;2022
849;2022-02-01;Valparaíso de Goiás;522185;0;7;2022
850;2022-02-01;Jaraguá;521180;10;20;2022
851;2022-02-01;Rialma;521860;0;7;2022
852;2022-02-01;Itumbiara;521150;20;38;2022
853;2022-02-01;Itaberaí;521040;0;3;2022
854;2022-02-01;Iporá;521020;0;10;2022
855;2022-02-01;Anápolis;520110;7;42;2022
856;2022-02-01;Aparecida de Goiânia;520140;93;242;2022
857;2022-02-01;Bom Jesus de Goiás;520350;0;5;2022
858;2022-02-01;Britânia;520380;0;2;2022
859;2022-02-01;Cachoeira Alta;520410;0;5;2022
860;2022-02-01;Caiapônia;520440;0;5;2022
861;2022-02-01;Caldas Novas;520450;0;18;2022
862;2022-02-01;Campinaçu;520465;0;2;2022
863;2022-02-01;Campos Belos;520490;0;4;2022
864;2022-02-01;Castelândia;520505;0;1;2022
865;2022-02-01;Catalão;520510;8;54;2022
866;2022-02-01;Cavalcante;520530;0;3;2022
867;2022-02-01;Alto Paraíso de Goiás;520060;0;1;2022
868;2022-02-01;Chapadão do Céu;520547;0;5;2022
869;2022-02-01;Inhumas;521000;0;14;2022
870;2022-02-01;Guaraíta;520929;0;2;2022
871;2022-02-01;Goiânia;520870;164;674;2022
872;2022-02-01;Ceres;520540;0;14;2022
873;2022-02-01;Goiatuba;520910;0;7;2022
874;2022-02-01;Goiás;520890;5;10;2022
875;2022-02-01;Goianápolis;520840;0;2;2022
876;2022-02-01;Formosa;520800;20;20;2022
877;2022-02-01;Estrela do Norte;520750;0;4;2022
878;2022-02-01;Edéia;520740;0;2;2022
879;2022-02-01;Cidade Ocidental;520549;0;4;2022
880;2022-02-01;Goianésia;520860;0;22;2022
881;2022-03-01;Planaltina;521760;0;12;2022
882;2022-03-01;Piracanjuba;521710;0;10;2022
883;2022-03-01;Paranaiguara;521630;0;1;2022
884;2022-03-01;Niquelândia;521460;0;4;2022
885;2022-03-01;Jataí;521190;0;4;2022
886;2022-03-01;Morrinhos;521380;0;6;2022
887;2022-03-01;Mineiros;521310;0;8;2022
888;2022-03-01;Mara Rosa;521280;0;1;2022
889;2022-03-01;Luziânia;521250;0;61;2022
890;2022-03-01;Pontalina;521770;0;6;2022
891;2022-03-01;Nazário;521440;0;1;2022
892;2022-03-01;Águas Lindas de Goiás;520025;0;33;2022
893;2022-03-01;São João d'Aliança;522000;0;4;2022
894;2022-03-01;Rialma;521860;0;7;2022
895;2022-03-01;Rio Verde;521880;0;45;2022
896;2022-03-01;Santo Antônio do Descoberto;521975;0;3;2022
897;2022-03-01;Senador Canedo;522045;0;55;2022
898;2022-03-01;São Luíz do Norte;522015;0;1;2022
899;2022-03-01;São Simão;522040;0;7;2022
900;2022-03-01;Trindade;522140;0;20;2022
901;2022-03-01;Uruana;522170;0;2;2022
902;2022-03-01;Uruaçu;522160;0;34;2022
903;2022-03-01;Valparaíso de Goiás;522185;0;7;2022
904;2022-03-01;Jaraguá;521180;0;20;2022
905;2022-03-01;Quirinópolis;521850;0;10;2022
906;2022-03-01;Itaberaí;521040;0;3;2022
907;2022-03-01;Porangatu;521800;0;5;2022
908;2022-03-01;Inhumas;521000;0;14;2022
909;2022-03-01;Iporá;521020;0;10;2022
910;2022-03-01;Anápolis;520110;0;18;2022
911;2022-03-01;Aparecida de Goiânia;520140;0;151;2022
912;2022-03-01;Bom Jesus de Goiás;520350;0;5;2022
913;2022-03-01;Britânia;520380;0;2;2022
914;2022-03-01;Cachoeira Alta;520410;0;5;2022
915;2022-03-01;Caiapônia;520440;0;5;2022
916;2022-03-01;Caldas Novas;520450;0;18;2022
917;2022-03-01;Campinaçu;520465;0;2;2022
918;2022-03-01;Campos Belos;520490;0;4;2022
919;2022-03-01;Castelândia;520505;0;1;2022
920;2022-03-01;Catalão;520510;0;54;2022
921;2022-03-01;Alto Paraíso de Goiás;520060;0;1;2022
922;2022-03-01;Ceres;520540;0;7;2022
923;2022-03-01;Guaraíta;520929;0;2;2022
924;2022-03-01;Goiânia;520870;0;436;2022
925;2022-03-01;Goiás;520890;0;10;2022
926;2022-03-01;Cavalcante;520530;0;3;2022
927;2022-03-01;Goianésia;520860;0;22;2022
928;2022-03-01;Goiatuba;520910;0;7;2022
929;2022-03-01;Formosa;520800;0;20;2022
930;2022-03-01;Estrela do Norte;520750;0;4;2022
931;2022-03-01;Edéia;520740;0;2;2022
932;2022-03-01;Cidade Ocidental;520549;0;4;2022
933;2022-03-01;Chapadão do Céu;520547;0;5;2022
934;2022-03-01;Goianápolis;520840;0;2;2022
935;2022-04-01;Pontalina;521770;0;6;2022
936;2022-04-01;Planaltina;521760;0;12;2022
937;2022-04-01;Piracanjuba;521710;0;10;2022
938;2022-04-01;Paranaiguara;521630;0;1;2022
939;2022-04-01;Luziânia;521250;0;61;2022
940;2022-04-01;Nazário;521440;0;1;2022
941;2022-04-01;Morrinhos;521380;0;6;2022
942;2022-04-01;Mineiros;521310;0;8;2022
943;2022-04-01;Mara Rosa;521280;0;1;2022
944;2022-04-01;Niquelândia;521460;0;4;2022
945;2022-04-01;Porangatu;521800;0;5;2022
946;2022-04-01;São Luíz do Norte;522015;0;1;2022
947;2022-04-01;Rialma;521860;0;7;2022
948;2022-04-01;Santo Antônio do Descoberto;521975;0;3;2022
949;2022-04-01;Senador Canedo;522045;0;17;2022
950;2022-04-01;São João d'Aliança;522000;0;4;2022
951;2022-04-01;São Simão;522040;0;7;2022
952;2022-04-01;Trindade;522140;0;20;2022
953;2022-04-01;Uruana;522170;0;2;2022
954;2022-04-01;Uruaçu;522160;0;7;2022
955;2022-04-01;Valparaíso de Goiás;522185;0;7;2022
956;2022-04-01;Águas Lindas de Goiás;520025;0;33;2022
957;2022-04-01;Jaraguá;521180;0;20;2022
958;2022-04-01;Quirinópolis;521850;0;10;2022
959;2022-04-01;Itaberaí;521040;0;3;2022
960;2022-04-01;Rio Verde;521880;0;45;2022
961;2022-04-01;Inhumas;521000;0;14;2022
962;2022-04-01;Iporá;521020;0;10;2022
963;2022-04-01;Alto Paraíso de Goiás;520060;0;1;2022
964;2022-04-01;Anápolis;520110;0;11;2022
965;2022-04-01;Aparecida de Goiânia;520140;0;151;2022
966;2022-04-01;Bom Jesus de Goiás;520350;0;5;2022
967;2022-04-01;Britânia;520380;0;2;2022
968;2022-04-01;Cachoeira Alta;520410;0;5;2022
969;2022-04-01;Caldas Novas;520450;0;18;2022
970;2022-04-01;Campinaçu;520465;0;2;2022
971;2022-04-01;Campos Belos;520490;0;4;2022
972;2022-04-01;Castelândia;520505;0;1;2022
973;2022-04-01;Catalão;520510;0;54;2022
974;2022-04-01;Caiapônia;520440;0;5;2022
975;2022-04-01;Ceres;520540;0;6;2022
976;2022-04-01;Chapadão do Céu;520547;0;5;2022
977;2022-04-01;Cidade Ocidental;520549;0;4;2022
978;2022-04-01;Edéia;520740;0;2;2022
979;2022-04-01;Estrela do Norte;520750;0;4;2022
980;2022-04-01;Goianápolis;520840;0;2;2022
981;2022-04-01;Goianésia;520860;0;22;2022
982;2022-04-01;Goiatuba;520910;0;7;2022
983;2022-04-01;Goiás;520890;0;10;2022
984;2022-04-01;Goiânia;520870;0;414;2022
985;2022-04-01;Cavalcante;520530;0;3;2022
986;2022-04-01;Guaraíta;520929;0;2;2022
987;2022-05-01;Planaltina;521760;0;12;2022
988;2022-05-01;Piracanjuba;521710;0;10;2022
989;2022-05-01;Paranaiguara;521630;0;1;2022
990;2022-05-01;Niquelândia;521460;0;4;2022
991;2022-05-01;Luziânia;521250;0;50;2022
992;2022-05-01;Morrinhos;521380;0;6;2022
993;2022-05-01;Mineiros;521310;0;6;2022
994;2022-05-01;Mara Rosa;521280;0;1;2022
995;2022-05-01;Pontalina;521770;0;6;2022
996;2022-05-01;Nazário;521440;0;1;2022
997;2022-05-01;Porangatu;521800;0;5;2022
998;2022-05-01;Águas Lindas de Goiás;520025;0;33;2022
999;2022-05-01;Rialma;521860;0;7;2022
1000;2022-05-01;Rio Verde;521880;0;45;2022
1001;2022-05-01;Santo Antônio do Descoberto;521975;0;3;2022
1002;2022-05-01;Senador Canedo;522045;0;17;2022
1003;2022-05-01;São João d'Aliança;522000;0;4;2022
1004;2022-05-01;São Luíz do Norte;522015;0;1;2022
1005;2022-05-01;São Simão;522040;0;7;2022
1006;2022-05-01;Trindade;522140;0;20;2022
1007;2022-05-01;Uruana;522170;0;2;2022
1008;2022-05-01;Uruaçu;522160;0;17;2022
1009;2022-05-01;Valparaíso de Goiás;522185;0;7;2022
1010;2022-05-01;Jaraguá;521180;0;10;2022
1011;2022-05-01;Quirinópolis;521850;0;10;2022
1012;2022-05-01;Itaberaí;521040;0;3;2022
1013;2022-05-01;Edéia;520740;0;2;2022
1014;2022-05-01;Inhumas;521000;0;14;2022
1015;2022-05-01;Alto Paraíso de Goiás;520060;0;1;2022
1016;2022-05-01;Anápolis;520110;0;11;2022
1017;2022-05-01;Aparecida de Goiânia;520140;0;151;2022
1018;2022-05-01;Bom Jesus de Goiás;520350;0;5;2022
1019;2022-05-01;Britânia;520380;0;2;2022
1020;2022-05-01;Cachoeira Alta;520410;0;5;2022
1021;2022-05-01;Caiapônia;520440;0;5;2022
1022;2022-05-01;Caldas Novas;520450;0;18;2022
1023;2022-05-01;Iporá;521020;0;10;2022
1024;2022-05-01;Campos Belos;520490;0;4;2022
1025;2022-05-01;Castelândia;520505;0;1;2022
1026;2022-05-01;Campinaçu;520465;0;2;2022
1027;2022-05-01;Cavalcante;520530;0;3;2022
1028;2022-05-01;Guaraíta;520929;0;2;2022
1029;2022-05-01;Catalão;520510;0;54;2022
1030;2022-05-01;Goiás;520890;0;10;2022
1031;2022-05-01;Goiatuba;520910;0;7;2022
1032;2022-05-01;Goianésia;520860;0;22;2022
1033;2022-05-01;Goiânia;520870;0;384;2022
1034;2022-05-01;Estrela do Norte;520750;0;4;2022
1035;2022-05-01;Cidade Ocidental;520549;0;4;2022
1036;2022-05-01;Chapadão do Céu;520547;0;5;2022
1037;2022-05-01;Ceres;520540;0;6;2022
1038;2022-05-01;Goianápolis;520840;0;2;2022
1039;2022-06-01;Cavalcante;520530;0;3;2022
1040;2022-06-01;Goiás;520890;0;10;2022
1041;2022-06-01;Goiânia;520870;0;50;2022
1042;2022-06-01;São João d'Aliança;522000;0;4;2022
1043;2022-07-01;Goiânia;520870;0;50;2022
1044;2022-07-01;Cavalcante;520530;0;3;2022
1045;2022-07-01;São João d'Aliança;522000;0;4;2022
